DataSet,psnr,ssim
run-01_offline,28.368426917211956,0.6271169119411044
run-02_biasCorrected,25.6459050520094,0.40064555874456725
run-02_offline,27.912305133551722,0.5522248461626578
