DataSet,psnr,ssim
run-01_offline,31.10224022569401,0.8257219272631185
run-02_biasCorrected,29.60462313440357,0.7138994122527972
run-02_offline,30.772513472849184,0.7961333575456039
