DataSet,psnr,ssim
run-01_offline,33.021878614270875,0.7925928201940324
run-02_biasCorrected,33.62438808927625,0.8988154599691007
run-02_offline,33.742996203680384,0.8865199305872986
