DataSet,psnr,ssim
IM,31.496432261974036,0.8664694177931633
NORMAL2,31.089157376965158,0.8640953775608178
