DataSet,psnr,ssim
IM,31.294259135954395,0.8127471925555796
NORMAL2,30.870179874763522,0.8242938876152038
