DataSet,psnr,ssim
IM,28.948336811568637,0.8055744205695995
NORMAL2,28.906481468841143,0.8249477928335016
