DataSet,psnr,ssim
Set5,33.29072710539428,0.9303869485855103
Set14,29.95850006351473,0.8843637953201929
BSD100,29.687444997339394,0.8795425701141357
Urban100,27.856629557175605,0.896996551156044
SunHays80,No data,No data
